{"initial_reset_timestamp": 1555004628.0091658, "timestamps": [1555004699.647889, 1555004785.0963712, 1555004847.362046, 1555004871.496489, 1555004933.7972732, 1555004963.7595499, 1555005024.2868695, 1555005043.1228569, 1555005124.8425875, 1555005155.5727746, 1555005217.8321407, 1555005236.2671142, 1555005287.2865396, 1555005349.791234, 1555005394.0603666, 1555005436.7699745, 1555005499.055726, 1555005519.1188724, 1555005553.7510786, 1555005585.8027284, 1555005643.5572982, 1555005706.1121535, 1555005768.473652, 1555005822.0719144, 1555005859.9058812, 1555005949.1040812, 1555005993.8361528, 1555006065.6375391, 1555006128.223711, 1555006151.059746, 1555006198.3675287, 1555006260.7230773, 1555006322.8419616, 1555006345.7533245, 1555006407.793241, 1555006470.2348726, 1555006502.3544717, 1555006540.0800521, 1555006589.4713593, 1555006613.6411333, 1555006631.033487, 1555006693.6660962, 1555006755.7140715, 1555006795.7146292, 1555006821.415447, 1555006844.7636137, 1555006906.8569658, 1555006969.2672653, 1555006982.4428232, 1555007044.7263436, 1555007101.7820675, 1555007162.5729651, 1555007224.8814733, 1555007280.2115693, 1555007302.9951084, 1555007330.2742064, 1555007392.5008051, 1555007439.9851372, 1555007479.3987613, 1555007499.5422652, 1555007561.6626527, 1555007590.6288269, 1555007643.4897892, 1555007683.2964861, 1555007714.460836, 1555007744.0593996, 1555007816.2391973, 1555007876.1591218, 1555007931.232238, 1555007953.823968, 1555007975.2442276, 1555007999.8992496, 1555008017.831648, 1555008050.6343617, 1555008081.4087224, 1555008110.1703806, 1555008129.0150604, 1555008204.2734172, 1555008258.7833502, 1555008277.3860078, 1555008308.4795752, 1555008331.345032, 1555008390.165393, 1555008421.5024848, 1555008447.1552444, 1555008475.170202, 1555008503.7281122, 1555008535.0660636, 1555008578.2653291, 1555008615.6352005, 1555008633.3018694, 1555008694.0441697, 1555008715.5249398, 1555008768.9395714, 1555008791.3046472, 1555008853.2600582, 1555008871.6775784, 1555008904.1020148, 1555008921.9394195, 1555008956.0023932, 1555009037.4388955, 1555009088.4661822, 1555009111.7589285, 1555009130.657765, 1555009155.6815991, 1555009180.0140147, 1555009199.9009714, 1555009224.1121264, 1555009257.254469, 1555009274.8285155, 1555009336.8963013, 1555009364.2897036, 1555009401.5229213, 1555009445.6408277, 1555009518.1787229, 1555009537.317078, 1555009625.9283247, 1555009656.212833, 1555009703.1672873, 1555009746.992913, 1555009768.246306, 1555009788.859895, 1555009816.3152957, 1555009837.5813396, 1555009857.5185533, 1555009885.7180228, 1555009902.0658808, 1555009932.1641078, 1555009951.2683468, 1555009964.702123, 1555010012.3495946, 1555010042.7851632, 1555010060.304511, 1555010081.1151378, 1555010100.4611754, 1555010126.2150822, 1555010144.8167894, 1555010206.2937102, 1555010236.478947, 1555010270.046349, 1555010285.8679097, 1555010302.9482665, 1555010326.074611, 1555010362.2609205, 1555010377.74768, 1555010400.0398595, 1555010425.701876, 1555010445.1593904, 1555010462.8952842, 1555010492.380143, 1555010563.0006998, 1555010584.5213463, 1555010602.1804202, 1555010621.0612667, 1555010652.3237803, 1555010671.9795115, 1555010693.6773083, 1555010718.488518, 1555010745.6272924, 1555010765.8623028, 1555010781.8447602, 1555010798.5079715, 1555010824.1925879, 1555010844.3532875, 1555010874.37133, 1555010936.7368543, 1555010966.3440788, 1555010981.0428004, 1555010998.1414149, 1555011012.0327578, 1555011031.8182805, 1555011049.0837543, 1555011063.489942, 1555011078.1968617, 1555011093.5548644, 1555011131.2661977, 1555011148.8221238, 1555011168.5863628, 1555011184.465327, 1555011215.6033738, 1555011237.5543377, 1555011270.3530476, 1555011277.981057, 1555011291.6530232, 1555011308.416013, 1555011323.564531, 1555011339.4090312, 1555011357.0902355, 1555011379.7359111, 1555011393.7668328, 1555011407.1191034, 1555011426.586985, 1555011458.509926, 1555011486.537924, 1555011504.363808, 1555011537.253715, 1555011551.9198241, 1555011570.1746724, 1555011584.968978, 1555011598.8224812, 1555011700.678799, 1555011717.6313198, 1555011737.3907418, 1555011753.9166877, 1555011767.1798763, 1555011783.259086, 1555011807.6221054, 1555011821.7209392, 1555011851.869265, 1555011878.23145, 1555011897.035783, 1555011907.893702, 1555011938.4675617, 1555011955.6018758, 1555011991.776507, 1555012008.65007, 1555012047.543117, 1555012076.254051, 1555012092.1318917, 1555012108.7497623, 1555012122.3488355, 1555012143.4583275, 1555012157.7494712, 1555012172.8531444, 1555012191.7557461, 1555012215.0321972, 1555012232.298364, 1555012253.5430636, 1555012273.5170527, 1555012289.5919008, 1555012307.96896, 1555012327.232498, 1555012337.503733, 1555012351.2847989, 1555012368.1794598, 1555012380.8426425, 1555012396.0399864, 1555012410.268644, 1555012425.4613879, 1555012441.542511, 1555012455.6672814, 1555012475.9592786, 1555012498.8415825, 1555012534.8196678, 1555012552.7007961, 1555012568.6708214, 1555012588.1769848, 1555012619.1577034, 1555012629.5269783, 1555012644.0372186, 1555012681.9057918], "episode_lengths": [534, 933, 1000, 394, 1000, 484, 972, 310, 866, 502, 1000, 300, 823, 1000, 473, 686, 665, 325, 558, 520, 931, 1000, 1000, 860, 612, 1000, 715, 803, 1000, 371, 763, 1000, 1000, 377, 1000, 1000, 519, 607, 793, 393, 283, 1000, 1000, 455, 416, 380, 1000, 1000, 216, 1000, 419, 675, 1000, 891, 369, 441, 1000, 764, 413, 318, 1000, 466, 849, 644, 337, 475, 789, 959, 895, 365, 348, 398, 293, 528, 497, 300, 306, 820, 874, 303, 505, 372, 939, 509, 418, 453, 461, 512, 701, 604, 288, 975, 348, 572, 363, 1000, 302, 525, 292, 548, 595, 537, 375, 306, 405, 395, 323, 391, 369, 285, 1000, 441, 600, 710, 781, 308, 1000, 479, 753, 702, 345, 333, 443, 350, 323, 310, 265, 329, 310, 221, 766, 491, 284, 338, 315, 418, 303, 995, 489, 542, 257, 277, 376, 388, 250, 361, 414, 318, 290, 478, 513, 229, 287, 308, 503, 320, 356, 403, 316, 328, 261, 273, 416, 326, 325, 1000, 337, 241, 278, 227, 322, 283, 237, 240, 251, 419, 286, 226, 256, 507, 358, 529, 126, 225, 272, 248, 261, 289, 370, 231, 219, 316, 515, 300, 292, 529, 242, 298, 242, 227, 744, 170, 318, 271, 219, 264, 397, 231, 330, 425, 306, 177, 326, 265, 374, 275, 428, 449, 260, 271, 224, 343, 236, 249, 308, 254, 282, 233, 308, 262, 298, 314, 169, 227, 276, 207, 249, 233, 247, 261, 230, 331, 376, 368, 289, 260, 318, 501, 170, 237, 274],