{"initial_reset_timestamp": 1554173924.9014323, "timestamps": [1554173930.7183535], "episode_lengths": [99], "episode_rewards": [99.0], "episode_types": ["t"]}