{"initial_reset_timestamp": 1554083505.2543583, "timestamps": [1554083531.2691252], "episode_lengths": [500], "episode_rewards": [500.0], "episode_types": ["t"]}