{"initial_reset_timestamp": 1555008956.1410854, "timestamps": [1555009037.4389079, 1555009088.46619, 1555009111.7589347, 1555009130.6577713, 1555009155.6816056, 1555009180.014021, 1555009199.900978, 1555009224.112133, 1555009257.254477, 1555009274.828523, 1555009336.8963072, 1555009364.2897103, 1555009401.5229285, 1555009445.640834, 1555009518.1982079, 1555009537.317084, 1555009625.9283414, 1555009656.212839, 1555009703.1672935, 1555009746.9929194, 1555009768.2463133, 1555009788.8599012, 1555009816.3153095, 1555009837.5813465, 1555009857.5185595, 1555009885.7345033, 1555009902.065889, 1555009932.1641164, 1555009951.2683532, 1555009964.7021298, 1555010012.3496006, 1555010042.78517, 1555010060.3045173, 1555010081.1151447, 1555010100.4611824, 1555010126.2150893, 1555010144.8167956, 1555010206.2937167, 1555010236.4789555, 1555010270.0463557, 1555010285.867916, 1555010302.9482722, 1555010326.0746174, 1555010362.260931, 1555010377.747686, 1555010400.0398662, 1555010425.701883, 1555010445.159397, 1555010462.8952916, 1555010492.3801486, 1555010563.0007071, 1555010584.5213537, 1555010602.180426, 1555010621.061273, 1555010652.3237863, 1555010671.9795177, 1555010693.677318, 1555010718.4885242, 1555010745.6273005, 1555010765.8623092, 1555010781.8447666, 1555010798.507978, 1555010824.1925943, 1555010844.3532941, 1555010874.371337, 1555010936.7368603, 1555010966.3440914, 1555010981.0428066, 1555010998.141421, 1555011012.0327644, 1555011031.8182867, 1555011049.0837612, 1555011063.4899504, 1555011078.1968691, 1555011093.5548708, 1555011131.2860353, 1555011148.8221333, 1555011168.586369, 1555011184.4653332, 1555011215.6033802, 1555011237.554344, 1555011270.3530543, 1555011277.9810638, 1555011291.6530292, 1555011308.4160192, 1555011323.5645378, 1555011339.409038, 1555011357.0902421, 1555011379.735919, 1555011393.7668393, 1555011407.1191096, 1555011426.5869918, 1555011458.5099325, 1555011486.5379474, 1555011504.3638144, 1555011537.2537212, 1555011551.9198306, 1555011570.174679, 1555011584.9689882, 1555011598.822488, 1555011700.678815, 1555011717.6313307, 1555011737.390749, 1555011753.916694, 1555011767.1798828, 1555011783.2590923, 1555011807.6221147, 1555011821.720946, 1555011851.8692746, 1555011878.231464, 1555011897.03579, 1555011907.8937085, 1555011938.4675791, 1555011955.6018822, 1555011991.7765162, 1555012008.6500766, 1555012047.5567553, 1555012076.2540576, 1555012092.1318982, 1555012108.749769, 1555012122.3488429, 1555012143.4583342, 1555012157.749478, 1555012172.8531537, 1555012191.7557526, 1555012215.032206, 1555012232.2983718, 1555012253.5430722, 1555012273.5170593, 1555012289.5919068, 1555012307.9689658, 1555012327.2325048, 1555012337.5037398, 1555012351.2848067, 1555012368.1794665, 1555012380.8426497, 1555012396.0399926, 1555012410.2686505, 1555012425.4613948, 1555012441.542517, 1555012455.6672883, 1555012475.9592855, 1555012498.841589, 1555012534.8196826, 1555012552.700803, 1555012568.6708279, 1555012588.1769915, 1555012619.1577096, 1555012629.5269876, 1555012644.0372252, 1555012681.9058003], "episode_lengths": [595, 537, 375, 306, 405, 395, 323, 391, 369, 285, 1000, 441, 600, 710, 781, 308, 1000, 479, 753, 702, 345, 333, 443, 350, 323, 310, 265, 329, 310, 221, 766, 491, 284, 338, 315, 418, 303, 995, 489, 542, 257, 277, 376, 388, 250, 361, 414, 318, 290, 478, 513, 229, 287, 308, 503, 320, 356, 403, 316, 328, 261, 273, 416, 326, 325, 1000, 337, 241, 278, 227, 322, 283, 237, 240, 251, 419, 286, 226, 256, 507, 358, 529, 126, 225, 272, 248, 261, 289, 370, 231, 219, 316, 515, 300, 292, 529, 242, 298, 242, 227, 744, 170, 318, 271, 219, 264, 397, 231, 330, 425, 306, 177, 326, 265, 374, 275, 428, 449, 260, 271, 224, 343, 236, 249, 308, 254, 282, 233, 308, 262, 298, 314, 169, 227, 276, 207, 249, 233, 247, 261, 230, 331, 376, 368, 289, 260, 318, 501, 170, 237, 274], "episode_rewards": [245.4728989429773, 235.82910987546725, 246.15414069403053, 264.86769505155996, 234.68521641219797, 241.2220502079711, 239.00804799142077, 259.8447027325779, 240.90880687357304, 291.73423196715873, 99.73766110855365, 243.06165813707534, 225.61681582322342, 193.2897278375757, 243.10044283549635, 261.6933723514118, 117.97916362642438, 292.21114199188935, 246.364894224129, 215.56758994861357, 239.18887790566018, 239.0642182313555, 236.13992089500363, 288.1225452243766, 283.7202870741415, 270.62701507268537, 260.87437879481763, 247.83761566382714, 240.52594284848317, 247.2094323961369, 248.8129897981388, 215.45284351675065, 276.30477354430207, 232.1236924085954, 257.2359769021069, 273.77962670806306, 245.27848240542005, 211.70185276939486, 298.37184379491794, 266.0300969629594, 256.56228936062377, 281.4441952544074, 247.99480499272704, 238.0621099247849, 277.5505353725645, 238.961275493753, 271.25204315615315, 261.5945785610118, 248.51277871997092, 286.2381338458118, 280.20049061783595, 278.14171092395515, 220.54573267826748, 236.07265738132762, 275.80572385162895, 305.4084209827096, 292.43630053145074, 260.2532914937709, 271.4121233940525, 240.41236333907645, 250.76672612737747, 299.15917198512733, 290.11119682808857, 235.29190077477455, 269.56614287434945, 152.22670560979822, 261.0241964143904, 285.92852450675355, 261.04457165541226, 284.59190268640185, 254.70427559741418, 277.21944777832755, 261.59651399042593, 271.7510819597304, 259.86049305573806, 239.6154922493709, 277.04525783405927, 278.1182819731505, 267.62614305660736, 275.69844003571325, 236.0360364467627, 254.30372988432913, -20.520519457695286, 272.2697092081921, 276.477764095934, 258.68314744767997, 253.59154915613993, 236.27696128829083, 291.6939214266664, 244.87378390954757, 235.54684152708805, 250.07451791735272, 201.70927690252898, 278.84325142669854, 297.94347056366564, 289.0613779536735, 232.9549838680828, 271.95449884221625, 309.033477913548, 259.0200065726035, 225.51644821428485, 42.131219487911125, 269.90432111602234, 244.92713692042457, 267.09537826873884, 281.3891826292758, 274.179191163288, 240.59632037058432, 232.0927386430399, 234.72904057879316, 258.81394393265424, 44.54050179352379, 266.1059483573861, 288.6225809847462, 256.8492323231146, 253.60258561215625, 270.16399206243864, 244.1060453188154, 265.47359999624337, 268.47871859127486, 271.8343151212305, 240.90594429955604, 262.45885587030955, 250.02689014232084, 305.34054916137666, 291.2204571085588, 286.55704128619476, 228.70836742355533, 273.8972276283697, 241.51115756556624, 295.05238395537634, 277.7410512542966, 6.620179497225806, 260.74413958856746, 251.20265025164605, 304.41419759832, 281.68229261390525, 266.306513912086, 272.8289344768214, 286.65169170117736, 289.17378650408114, 254.9936616989656, 298.3950987439763, 261.6342710710199, 277.35301114365814, 317.6187302056278, 293.8097816244483, 270.8077134983717, 49.31744549380144, 281.01122566406644, 269.8823527463734], "episode_types": ["t", "t", "t", "t", "t", "t", "t", "t", "t", "t", "t", "t", "t", "t", "t", "t", "t", "t", "t", "t", "t", "t", "t", "t", "t", "t", "t", "t", "t", "t", "t", "t", "t", "t", "t", "t", "t", "t", "t", "t", "t", "t", "t", "t", "t", "t", "t", "t", "t", "t", "t", "t", "t", "t", "t", "t", "t", "t", "t", "t", "t", "t", "t", "t", "t", "t", "t", "t", "t", "t", "t", "t", "t", "t", "t", "t", "t", "t", "t", "t", "t", "t", "t", "t", "t", "t", "t", "t", "t", "t", "t", "t", "t", "t", "t", "t", "t", "t", "t", "t", "t", "t", "t", "t", "t", "t", "t", "t", "t", "t", "t", "t", "t", "t", "t", "t", "t", "t", "t", "t", "t", "t", "t", "t", "t", "t", "t", "t", "t", "t", "t", "t", "t", "t", "t", "t", "t", "t", "t", "t", "t", "t", "t", "t", "t", "t", "t", "t", "t", "t", "t", "t"]}