{"initial_reset_timestamp": 1554995078.6690066, "timestamps": [1554995097.8290496], "episode_lengths": [235], "episode_rewards": [266.40345532218953], "episode_types": ["t"]}