{"initial_reset_timestamp": 1555010492.5108445, "timestamps": [1555010563.0007102, 1555010584.5213585, 1555010602.1804292, 1555010621.0612762, 1555010652.3237896, 1555010671.979521, 1555010693.6773212, 1555010718.4885275, 1555010745.6273067, 1555010765.8623126, 1555010781.84477, 1555010798.5079815, 1555010824.1925974, 1555010844.3532975, 1555010874.3889656, 1555010936.7368631, 1555010966.3440962, 1555010981.04281, 1555010998.1414244, 1555011012.0327675, 1555011031.81829, 1555011049.0837646, 1555011063.4899542, 1555011078.1968722, 1555011093.554874, 1555011131.286043, 1555011148.8221364, 1555011168.586372, 1555011184.4653363, 1555011215.6033833, 1555011237.554347, 1555011270.3530576, 1555011277.9810672, 1555011291.6530323, 1555011308.4160225, 1555011323.5645416, 1555011339.4090412, 1555011357.090245, 1555011379.7359235, 1555011393.7668426, 1555011407.119113, 1555011426.586995, 1555011458.5099359, 1555011486.537954, 1555011504.3638175, 1555011537.2537246, 1555011551.9198341, 1555011570.1746824, 1555011584.9689918, 1555011598.8224912, 1555011700.678824, 1555011717.631337, 1555011737.3907523, 1555011753.916697, 1555011767.1798863, 1555011783.2590952, 1555011807.6221187, 1555011821.7209501, 1555011851.8692803, 1555011878.2314672, 1555011897.0357933, 1555011907.8937118, 1555011938.4675894, 1555011955.6018856, 1555011991.7765214, 1555012008.65008, 1555012047.556765, 1555012076.2540605, 1555012092.1319013, 1555012108.7497723, 1555012122.3488462, 1555012143.4583378, 1555012157.749483, 1555012172.853157, 1555012191.7557557, 1555012215.0427053, 1555012232.2983758, 1555012253.5430777, 1555012273.5170622, 1555012289.59191, 1555012307.9689689, 1555012327.232508, 1555012337.5037436, 1555012351.2848105, 1555012368.1794696, 1555012380.842653, 1555012396.0400097, 1555012410.268654, 1555012425.4614005, 1555012441.5425203, 1555012455.6672914, 1555012475.9592886, 1555012498.8415923, 1555012534.81969, 1555012552.7008066, 1555012568.670831, 1555012588.1769946, 1555012619.1577127, 1555012629.5269916, 1555012644.0372286, 1555012681.905806], "episode_lengths": [513, 229, 287, 308, 503, 320, 356, 403, 316, 328, 261, 273, 416, 326, 325, 1000, 337, 241, 278, 227, 322, 283, 237, 240, 251, 419, 286, 226, 256, 507, 358, 529, 126, 225, 272, 248, 261, 289, 370, 231, 219, 316, 515, 300, 292, 529, 242, 298, 242, 227, 744, 170, 318, 271, 219, 264, 397, 231, 330, 425, 306, 177, 326, 265, 374, 275, 428, 449, 260, 271, 224, 343, 236, 249, 308, 254, 282, 233, 308, 262, 298, 314, 169, 227, 276, 207, 249, 233, 247, 261, 230, 331, 376, 368, 289, 260, 318, 501, 170, 237, 274], "episode_rewards": [280.20049061783595, 278.14171092395515, 220.54573267826748, 236.07265738132762, 275.80572385162895, 305.4084209827096, 292.43630053145074, 260.2532914937709, 271.4121233940525, 240.41236333907645, 250.76672612737747, 299.15917198512733, 290.11119682808857, 235.29190077477455, 269.56614287434945, 152.22670560979822, 261.0241964143904, 285.92852450675355, 261.04457165541226, 284.59190268640185, 254.70427559741418, 277.21944777832755, 261.59651399042593, 271.7510819597304, 259.86049305573806, 239.6154922493709, 277.04525783405927, 278.1182819731505, 267.62614305660736, 275.69844003571325, 236.0360364467627, 254.30372988432913, -20.520519457695286, 272.2697092081921, 276.477764095934, 258.68314744767997, 253.59154915613993, 236.27696128829083, 291.6939214266664, 244.87378390954757, 235.54684152708805, 250.07451791735272, 201.70927690252898, 278.84325142669854, 297.94347056366564, 289.0613779536735, 232.9549838680828, 271.95449884221625, 309.033477913548, 259.0200065726035, 225.51644821428485, 42.131219487911125, 269.90432111602234, 244.92713692042457, 267.09537826873884, 281.3891826292758, 274.179191163288, 240.59632037058432, 232.0927386430399, 234.72904057879316, 258.81394393265424, 44.54050179352379, 266.1059483573861, 288.6225809847462, 256.8492323231146, 253.60258561215625, 270.16399206243864, 244.1060453188154, 265.47359999624337, 268.47871859127486, 271.8343151212305, 240.90594429955604, 262.45885587030955, 250.02689014232084, 305.34054916137666, 291.2204571085588, 286.55704128619476, 228.70836742355533, 273.8972276283697, 241.51115756556624, 295.05238395537634, 277.7410512542966, 6.620179497225806, 260.74413958856746, 251.20265025164605, 304.41419759832, 281.68229261390525, 266.306513912086, 272.8289344768214, 286.65169170117736, 289.17378650408114, 254.9936616989656, 298.3950987439763, 261.6342710710199, 277.35301114365814, 317.6187302056278, 293.8097816244483, 270.8077134983717, 49.31744549380144, 281.01122566406644, 269.8823527463734], "episode_types": ["t", "t", "t", "t", "t", "t", "t", "t", "t", "t", "t", "t", "t", "t", "t", "t", "t", "t", "t", "t", "t", "t", "t", "t", "t", "t", "t", "t", "t", "t", "t", "t", "t", "t", "t", "t", "t", "t", "t", "t", "t", "t", "t", "t", "t", "t", "t", "t", "t", "t", "t", "t", "t", "t", "t", "t", "t", "t", "t", "t", "t", "t", "t", "t", "t", "t", "t", "t", "t", "t", "t", "t", "t", "t", "t", "t", "t", "t", "t", "t", "t", "t", "t", "t", "t", "t", "t", "t", "t", "t", "t", "t", "t", "t", "t", "t", "t", "t", "t", "t", "t", "t"]}