{"initial_reset_timestamp": 1555007044.8975644, "timestamps": [1555007101.7820718, 1555007162.5729733, 1555007224.8814766, 1555007280.2115726, 1555007302.9951117, 1555007330.27421, 1555007392.500808, 1555007439.98514, 1555007479.3987703, 1555007499.5422685, 1555007561.662655, 1555007590.62883, 1555007643.4897923, 1555007683.2964892, 1555007714.476032, 1555007744.059403, 1555007816.2392054, 1555007876.1591249, 1555007931.2322412, 1555007953.8239708, 1555007975.244231, 1555007999.8992527, 1555008017.8316517, 1555008050.6343648, 1555008081.4087257, 1555008110.1703904, 1555008129.0150638, 1555008204.27342, 1555008258.7833538, 1555008277.3860111, 1555008308.479578, 1555008331.345035, 1555008390.1653962, 1555008421.5024881, 1555008447.1552472, 1555008475.1702056, 1555008503.728115, 1555008535.0660667, 1555008578.265333, 1555008615.6352034, 1555008633.3018718, 1555008694.044173, 1555008715.5249429, 1555008768.9395754, 1555008791.3046505, 1555008853.2600613, 1555008871.6775825, 1555008904.1020184, 1555008921.9394226, 1555008956.0023963, 1555009037.4389026, 1555009088.4661868, 1555009111.7589316, 1555009130.6577682, 1555009155.6816025, 1555009180.0140178, 1555009199.900975, 1555009224.1121294, 1555009257.2544732, 1555009274.8285196, 1555009336.8963044, 1555009364.2897072, 1555009401.522925, 1555009445.640831, 1555009518.1787271, 1555009537.3170815, 1555009625.9283342, 1555009656.2128358, 1555009703.1672907, 1555009746.992916, 1555009768.2463102, 1555009788.8598979, 1555009816.3153052, 1555009837.581343, 1555009857.5185564, 1555009885.7344952, 1555009902.0658858, 1555009932.1641123, 1555009951.2683501, 1555009964.7021265, 1555010012.3495977, 1555010042.7851665, 1555010060.304514, 1555010081.1151414, 1555010100.4611788, 1555010126.2150855, 1555010144.8167927, 1555010206.2937136, 1555010236.4789517, 1555010270.0463524, 1555010285.8679128, 1555010302.9482691, 1555010326.0746143, 1555010362.2609265, 1555010377.747683, 1555010400.0398626, 1555010425.7018795, 1555010445.1593938, 1555010462.8952885, 1555010492.380146, 1555010563.000704, 1555010584.5213501, 1555010602.180423, 1555010621.06127, 1555010652.3237834, 1555010671.9795148, 1555010693.677314, 1555010718.488521, 1555010745.6272967, 1555010765.8623059, 1555010781.8447638, 1555010798.5079746, 1555010824.1925912, 1555010844.3532906, 1555010874.3713336, 1555010936.7368572, 1555010966.3440866, 1555010981.0428035, 1555010998.141418, 1555011012.032761, 1555011031.8182836, 1555011049.0837576, 1555011063.4899454, 1555011078.1968658, 1555011093.5548673, 1555011131.2662008, 1555011148.8221292, 1555011168.586366, 1555011184.4653304, 1555011215.6033769, 1555011237.554341, 1555011270.353051, 1555011277.9810605, 1555011291.6530263, 1555011308.416016, 1555011323.5645344, 1555011339.4090345, 1555011357.090239, 1555011379.7359142, 1555011393.7668362, 1555011407.1191065, 1555011426.5869884, 1555011458.5099294, 1555011486.5379407, 1555011504.3638113, 1555011537.2537184, 1555011551.9198275, 1555011570.1746755, 1555011584.9689841, 1555011598.8224847, 1555011700.67881, 1555011717.6313276, 1555011737.3907452, 1555011753.9166906, 1555011767.1798797, 1555011783.259089, 1555011807.6221092, 1555011821.7209427, 1555011851.8692713, 1555011878.2314603, 1555011897.035787, 1555011907.8937054, 1555011938.4675727, 1555011955.6018794, 1555011991.7765129, 1555012008.6500735, 1555012047.556745, 1555012076.254054, 1555012092.131895, 1555012108.7497654, 1555012122.3488393, 1555012143.4583309, 1555012157.7494748, 1555012172.8531497, 1555012191.7557495, 1555012215.0322027, 1555012232.2983675, 1555012253.543069, 1555012273.5170557, 1555012289.5919037, 1555012307.9689631, 1555012327.232501, 1555012337.5037365, 1555012351.2848034, 1555012368.1794634, 1555012380.8426464, 1555012396.0399895, 1555012410.2686472, 1555012425.4613912, 1555012441.5425138, 1555012455.667285, 1555012475.9592822, 1555012498.8415859, 1555012534.819677, 1555012552.7007997, 1555012568.6708248, 1555012588.1769881, 1555012619.1577065, 1555012629.5269818, 1555012644.037222, 1555012681.9057975], "episode_lengths": [419, 675, 1000, 891, 369, 441, 1000, 764, 413, 318, 1000, 466, 849, 644, 337, 475, 789, 959, 895, 365, 348, 398, 293, 528, 497, 300, 306, 820, 874, 303, 505, 372, 939, 509, 418, 453, 461, 512, 701, 604, 288, 975, 348, 572, 363, 1000, 302, 525, 292, 548, 595, 537, 375, 306, 405, 395, 323, 391, 369, 285, 1000, 441, 600, 710, 781, 308, 1000, 479, 753, 702, 345, 333, 443, 350, 323, 310, 265, 329, 310, 221, 766, 491, 284, 338, 315, 418, 303, 995, 489, 542, 257, 277, 376, 388, 250, 361, 414, 318, 290, 478, 513, 229, 287, 308, 503, 320, 356, 403, 316, 328, 261, 273, 416, 326, 325, 1000, 337, 241, 278, 227, 322, 283, 237, 240, 251, 419, 286, 226, 256, 507, 358, 529, 126, 225, 272, 248, 261, 289, 370, 231, 219, 316, 515, 300, 292, 529, 242, 298, 242, 227, 744, 170, 318, 271, 219, 264, 397, 231, 330, 425, 306, 177, 326, 265, 374, 275, 428, 449, 260, 271, 224, 343, 236, 249, 308, 254, 282, 233, 308, 262, 298, 314, 169, 227, 276, 207, 249, 233, 247, 261, 230, 331, 376, 368, 289, 260, 318, 501, 170, 237, 274],