{"initial_reset_timestamp": 1554340835.1824517, "timestamps": [1554340852.1783943], "episode_lengths": [303], "episode_rewards": [271.6560085868606], "episode_types": ["t"]}