{"initial_reset_timestamp": 1554995365.3324633, "timestamps": [1554995389.311402], "episode_lengths": [460], "episode_rewards": [229.9360070554919], "episode_types": ["t"]}