{"initial_reset_timestamp": 1555012644.1543994, "timestamps": [1555012681.9058168], "episode_lengths": [274], "episode_rewards": [269.8823527463734], "episode_types": ["t", "t"]}