{"initial_reset_timestamp": 1554353219.4464505, "timestamps": [1554353225.81495], "episode_lengths": [109], "episode_rewards": [-109.0], "episode_types": ["t"]}