{"initial_reset_timestamp": 1554388773.3865788, "timestamps": [1554388799.3951075], "episode_lengths": [500], "episode_rewards": [500.0], "episode_types": ["t"]}