{"initial_reset_timestamp": 1554135812.190492, "timestamps": [1554135863.2234645], "episode_lengths": [1000], "episode_rewards": [-170.39743285295592], "episode_types": ["t"]}