{"initial_reset_timestamp": 1554123891.2615938, "timestamps": [1554123900.2964666], "episode_lengths": [160], "episode_rewards": [33.0566282702201], "episode_types": ["t"]}