{"initial_reset_timestamp": 1554351668.3712518, "timestamps": [1554351676.6230564], "episode_lengths": [145], "episode_rewards": [-145.0], "episode_types": ["t"]}