{"initial_reset_timestamp": 1555011598.9477634, "timestamps": [1555011700.6788292, 1555011717.6313424, 1555011737.3907557, 1555011753.9167006, 1555011767.1798894, 1555011783.2590978, 1555011807.622122, 1555011821.7209527, 1555011851.8692846, 1555011878.23147, 1555011897.0357966, 1555011907.8937144, 1555011938.467597, 1555011955.6018882, 1555011991.80203, 1555012008.650083, 1555012047.556773, 1555012076.2540638, 1555012092.131904, 1555012108.7497752, 1555012122.3488488, 1555012143.4583411, 1555012157.749487, 1555012172.8531601, 1555012191.7557588, 1555012215.0427134, 1555012232.298379, 1555012253.5430803, 1555012273.5170655, 1555012289.5919125, 1555012307.968972, 1555012327.232511, 1555012337.5037465, 1555012351.2848136, 1555012368.1794727, 1555012380.8426566, 1555012396.040013, 1555012410.268657, 1555012425.4614046, 1555012441.5425231, 1555012455.6672947, 1555012475.9592917, 1555012498.8415954, 1555012534.8196945, 1555012552.7008095, 1555012568.6708336, 1555012588.1769986, 1555012619.1577156, 1555012629.5269952, 1555012644.0372317, 1555012681.9058123], "episode_lengths": [744, 170, 318, 271, 219, 264, 397, 231, 330, 425, 306, 177, 326, 265, 374, 275, 428, 449, 260, 271, 224, 343, 236, 249, 308, 254, 282, 233, 308, 262, 298, 314, 169, 227, 276, 207, 249, 233, 247, 261, 230, 331, 376, 368, 289, 260, 318, 501, 170, 237, 274], "episode_rewards": [225.51644821428485, 42.131219487911125, 269.90432111602234, 244.92713692042457, 267.09537826873884, 281.3891826292758, 274.179191163288, 240.59632037058432, 232.0927386430399, 234.72904057879316, 258.81394393265424, 44.54050179352379, 266.1059483573861, 288.6225809847462, 256.8492323231146, 253.60258561215625, 270.16399206243864, 244.1060453188154, 265.47359999624337, 268.47871859127486, 271.8343151212305, 240.90594429955604, 262.45885587030955, 250.02689014232084, 305.34054916137666, 291.2204571085588, 286.55704128619476, 228.70836742355533, 273.8972276283697, 241.51115756556624, 295.05238395537634, 277.7410512542966, 6.620179497225806, 260.74413958856746, 251.20265025164605, 304.41419759832, 281.68229261390525, 266.306513912086, 272.8289344768214, 286.65169170117736, 289.17378650408114, 254.9936616989656, 298.3950987439763, 261.6342710710199, 277.35301114365814, 317.6187302056278, 293.8097816244483, 270.8077134983717, 49.31744549380144, 281.01122566406644, 269.8823527463734], "episode_types": ["t", "t", "t", "t", "t", "t", "t", "t", "t", "t", "t", "t", "t", "t", "t", "t", "t", "t", "t", "t", "t", "t", "t", "t", "t", "t", "t", "t", "t", "t", "t", "t", "t", "t", "t", "t", "t", "t", "t", "t", "t", "t", "t", "t", "t", "t", "t", "t", "t", "t", "t", "t"]}