{"initial_reset_timestamp": 1554241189.9623935, "timestamps": [1554241221.6040523], "episode_lengths": [600], "episode_rewards": [221.22260488690915], "episode_types": ["t"]}