{"initial_reset_timestamp": 1554999349.4080474, "timestamps": [1554999481.4608746, 1554999492.3749611, 1554999554.5221283, 1554999616.7594788, 1554999650.9981372, 1554999713.250186, 1554999775.390288, 1554999780.277293, 1554999795.3589237, 1554999810.967678, 1554999873.81867, 1554999935.8707578, 1554999944.888101, 1555000006.9192445, 1555000096.8704922, 1555000159.3001552, 1555000167.1943817, 1555000174.1473167, 1555000236.0261197, 1555000298.0598335, 1555000360.06266, 1555000409.0213993, 1555000416.3546824, 1555000478.9169397, 1555000540.7449226, 1555000628.083009, 1555000691.9956489, 1555000782.2333698, 1555000844.7883356, 1555000907.1645718, 1555000969.7615368, 1555001032.9493294, 1555001095.3343456, 1555001108.3187826, 1555001115.6610148, 1555001123.4141245, 1555001186.1382222, 1555001248.6847894, 1555001311.3013277, 1555001374.041876, 1555001436.3891907, 1555001498.8812933, 1555001560.9250653, 1555001623.1808052, 1555001685.7150142, 1555001748.4960258, 1555001811.046287, 1555001822.2476518, 1555001884.1675808, 1555001946.5820503, 1555002083.2690256, 1555002176.0039444, 1555002238.357617, 1555002300.5822043, 1555002307.5863838, 1555002355.0647595, 1555002417.46264, 1555002425.1517622, 1555002515.2379644, 1555002577.6820529, 1555002640.1427636, 1555002675.2609684, 1555002737.4501698, 1555002799.7886398, 1555002889.8705838, 1555002952.0684965, 1555003031.4788074, 1555003050.0984652, 1555003112.1992471, 1555003161.699008, 1555003223.7840016, 1555003230.41163, 1555003292.3930619, 1555003308.3942485, 1555003370.5402627, 1555003463.342839, 1555003525.6035368, 1555003614.245292, 1555003642.564446, 1555003676.0620196, 1555003686.350885, 1555003748.9456565, 1555003811.1735427, 1555003873.4827065, 1555003935.484091, 1555003997.7189262, 1555004055.6218023, 1555004118.0813088, 1555004180.130004, 1555004242.665699, 1555004304.9244096, 1555004333.1716542, 1555004395.758668, 1555004429.0983765, 1555004459.606031, 1555004495.0346193, 1555004508.9552104, 1555004556.1173594, 1555004598.586096, 1555004627.851406, 1555004699.6478825, 1555004785.0963628, 1555004847.3620396, 1555004871.4964826, 1555004933.7972667, 1555004963.759544, 1555005024.2868624, 1555005043.1228504, 1555005124.842579, 1555005155.572768, 1555005217.832135, 1555005236.2671072, 1555005287.2865324, 1555005349.7912278, 1555005394.0429163, 1555005436.769968, 1555005499.055711, 1555005519.118866, 1555005553.7510722, 1555005585.802722, 1555005643.5572915, 1555005706.112148, 1555005768.4736435, 1555005822.071908, 1555005859.9058745, 1555005949.0815866, 1555005993.8361452, 1555006065.6375327, 1555006128.2237053, 1555006151.0597396, 1555006198.367522, 1555006260.7230716, 1555006322.8419552, 1555006345.7533183, 1555006407.7932346, 1555006470.2348661, 1555006502.3544648, 1555006540.0800452, 1555006589.47135, 1555006613.6411264, 1555006631.0334802, 1555006693.6660895, 1555006755.7140656, 1555006795.7146165, 1555006821.4154403, 1555006844.763608, 1555006906.8569596, 1555006969.2672596, 1555006982.4428163, 1555007044.726338, 1555007101.7820578, 1555007162.5729475, 1555007224.881467, 1555007280.2115633, 1555007302.995102, 1555007330.2742002, 1555007392.5007951, 1555007439.9851308, 1555007479.3987434, 1555007499.5422587, 1555007561.6626468, 1555007590.6288204, 1555007643.4897823, 1555007683.2964797, 1555007714.4608243, 1555007744.0593927, 1555007816.2391784, 1555007876.1591148, 1555007931.2322314, 1555007953.8239613, 1555007975.2442214, 1555007999.8992434, 1555008017.8316395, 1555008050.6343544, 1555008081.4087155, 1555008110.1528053, 1555008129.0150502, 1555008204.2734113, 1555008258.7833433, 1555008277.3860013, 1555008308.4795685, 1555008331.3450253, 1555008390.1653872, 1555008421.5024776, 1555008447.1552377, 1555008475.170195, 1555008503.7281053, 1555008535.0660572, 1555008578.2653205, 1555008615.6351943, 1555008633.3018634, 1555008694.0441625, 1555008715.524933, 1555008768.9395595, 1555008791.3046405, 1555008853.2600515, 1555008871.6775718, 1555008904.1020079, 1555008921.93941, 1555008956.0023878, 1555009037.4388814, 1555009088.4661705, 1555009111.7589228, 1555009130.6577585, 1555009155.6815925, 1555009180.0140078, 1555009199.900962, 1555009224.1121202, 1555009257.2544582, 1555009274.8285084, 1555009336.8962946, 1555009364.2896967, 1555009401.522914, 1555009445.6408215, 1555009518.1787097, 1555009537.3170714, 1555009625.9004922, 1555009656.2128267, 1555009703.1672802, 1555009746.9929063, 1555009768.2462988, 1555009788.8598886, 1555009816.3152883, 1555009837.5813293, 1555009857.5185466, 1555009885.7180116, 1555009902.065872, 1555009932.1640968, 1555009951.2683406, 1555009964.702116, 1555010012.3495882, 1555010042.7851567, 1555010060.3045044, 1555010081.1151297, 1555010100.461169, 1555010126.2150757, 1555010144.8167832, 1555010206.2937038, 1555010236.4789407, 1555010270.0463424, 1555010285.8679032, 1555010302.9482598, 1555010326.074604, 1555010362.260907, 1555010377.7476735, 1555010400.0398529, 1555010425.7018695, 1555010445.1593835, 1555010462.8952754, 1555010492.380136, 1555010563.0006893, 1555010584.521333, 1555010602.1804135, 1555010621.0612605, 1555010652.3237739, 1555010671.9795048, 1555010693.6773016, 1555010718.488511, 1555010745.627282, 1555010765.8622959, 1555010781.8447533, 1555010798.5079641, 1555010824.1925814, 1555010844.3532808, 1555010874.3713212, 1555010936.736848, 1555010966.3282835, 1555010981.042794, 1555010998.141408, 1555011012.0327501, 1555011031.818274, 1555011049.0837479, 1555011063.4899356, 1555011078.1968524, 1555011093.5548582, 1555011131.2661912, 1555011148.822117, 1555011168.5863566, 1555011184.4653213, 1555011215.603367, 1555011237.554331, 1555011270.3530412, 1555011277.98105, 1555011291.653013, 1555011308.4160068, 1555011323.5645247, 1555011339.409024, 1555011357.090229, 1555011379.7359047, 1555011393.766826, 1555011407.119097, 1555011426.586979, 1555011458.5099204, 1555011486.5379047, 1555011504.363801, 1555011537.253708, 1555011551.9198172, 1555011570.1746657, 1555011584.9689717, 1555011598.822475, 1555011700.6787815, 1555011717.6313047, 1555011737.3907351, 1555011753.9166808, 1555011767.1798697, 1555011783.259079, 1555011807.622098, 1555011821.7209327, 1555011851.8692548, 1555011878.231442, 1555011897.035776, 1555011907.8936958, 1555011938.4675412, 1555011955.601869, 1555011991.7764964, 1555012008.6500628, 1555012047.5430999, 1555012076.2540445, 1555012092.1318846, 1555012108.7497513, 1555012122.3488286, 1555012143.4583204, 1555012157.7494643, 1555012172.8531377, 1555012191.7557395, 1555012215.0321853, 1555012232.2983568, 1555012253.5430524, 1555012273.5170457, 1555012289.5918944, 1555012307.9689538, 1555012327.232491, 1555012337.5037262, 1555012351.2847888, 1555012368.1794465, 1555012380.8426356, 1555012396.03998, 1555012410.2686372, 1555012425.461381, 1555012441.5425045, 1555012455.6672745, 1555012475.9592717, 1555012498.8415756, 1555012534.8070855, 1555012552.7007895, 1555012568.6708145, 1555012588.1769779, 1555012619.157697, 1555012629.5269713, 1555012644.0372117, 1555012681.9057806],