{"initial_reset_timestamp": 1555001946.802774, "timestamps": [1555002083.2690306, 1555002176.0039485, 1555002238.3576198, 1555002300.5822074, 1555002307.586387, 1555002355.0647626, 1555002417.4626431, 1555002425.151765, 1555002515.2379696, 1555002577.682056, 1555002640.1427662, 1555002675.2609713, 1555002737.4501727, 1555002799.788643, 1555002889.883132, 1555002952.0684996, 1555003031.4788134, 1555003050.0984683, 1555003112.1992502, 1555003161.699011, 1555003223.7840042, 1555003230.4116333, 1555003292.3930655, 1555003308.3942516, 1555003370.5402658, 1555003463.3428478, 1555003525.60354, 1555003614.2452962, 1555003642.564449, 1555003676.0620227, 1555003686.3508875, 1555003748.9456592, 1555003811.1735454, 1555003873.482709, 1555003935.484094, 1555003997.718929, 1555004055.6218054, 1555004118.0813115, 1555004180.1300073, 1555004242.6657019, 1555004304.9244123, 1555004333.1716573, 1555004395.7586708, 1555004429.0983799, 1555004459.6060338, 1555004495.0346224, 1555004508.955214, 1555004556.1173623, 1555004598.5860991, 1555004627.8514092, 1555004699.6478858, 1555004785.0963671, 1555004847.362043, 1555004871.4964857, 1555004933.7972698, 1555004963.759547, 1555005024.2868667, 1555005043.1228535, 1555005124.842584, 1555005155.5727715, 1555005217.832138, 1555005236.2671103, 1555005287.286536, 1555005349.7912312, 1555005394.0429204, 1555005436.769971, 1555005499.0557196, 1555005519.1188693, 1555005553.7510753, 1555005585.802725, 1555005643.5572946, 1555005706.1121504, 1555005768.473648, 1555005822.071911, 1555005859.9058776, 1555005949.1040711, 1555005993.8361495, 1555006065.637536, 1555006128.2237084, 1555006151.059743, 1555006198.3675253, 1555006260.7230742, 1555006322.8419583, 1555006345.7533212, 1555006407.7932377, 1555006470.234869, 1555006502.354468, 1555006540.0800488, 1555006589.4713552, 1555006613.6411295, 1555006631.0334835, 1555006693.6660926, 1555006755.7140684, 1555006795.7146223, 1555006821.4154434, 1555006844.7636108, 1555006906.8569624, 1555006969.2672622, 1555006982.44282, 1555007044.7263405, 1555007101.7820616, 1555007162.572955, 1555007224.8814702, 1555007280.2115664, 1555007302.9951053, 1555007330.2742033, 1555007392.500801, 1555007439.985134, 1555007479.3987505, 1555007499.542262, 1555007561.6626499, 1555007590.6288235, 1555007643.489786, 1555007683.296483, 1555007714.4608295, 1555007744.0593965, 1555007816.2391891, 1555007876.1591182, 1555007931.2322347, 1555007953.8239648, 1555007975.2442245, 1555007999.8992467, 1555008017.8316429, 1555008050.6343586, 1555008081.4087188, 1555008110.1528096, 1555008129.0150561, 1555008204.2734144, 1555008258.783347, 1555008277.3860044, 1555008308.4795713, 1555008331.3450289, 1555008390.1653903, 1555008421.5024817, 1555008447.155241, 1555008475.1701984, 1555008503.7281084, 1555008535.0660603, 1555008578.2653236, 1555008615.6351972, 1555008633.3018663, 1555008694.0441658, 1555008715.5249364, 1555008768.9395645, 1555008791.304644, 1555008853.2600548, 1555008871.677575, 1555008904.1020112, 1555008921.9394152, 1555008956.0023906, 1555009037.4388866, 1555009088.466176, 1555009111.7589257, 1555009130.6577613, 1555009155.6815963, 1555009180.0140111, 1555009199.9009652, 1555009224.1121233, 1555009257.2544625, 1555009274.8285122, 1555009336.8962977, 1555009364.2897, 1555009401.5229177, 1555009445.6408246, 1555009518.178715, 1555009537.3170745, 1555009625.9283037, 1555009656.2128296, 1555009703.1672835, 1555009746.9929092, 1555009768.2463024, 1555009788.8598917, 1555009816.315292, 1555009837.581335, 1555009857.5185502, 1555009885.7180161, 1555009902.0658753, 1555009932.1641016, 1555009951.268344, 1555009964.7021196, 1555010012.3495913, 1555010042.7851596, 1555010060.3045075, 1555010081.1151342, 1555010100.4611723, 1555010126.2150788, 1555010144.8167863, 1555010206.2937074, 1555010236.478944, 1555010270.0463455, 1555010285.8679063, 1555010302.9482632, 1555010326.0746076, 1555010362.2609131, 1555010377.7476768, 1555010400.0398562, 1555010425.7018728, 1555010445.1593869, 1555010462.8952787, 1555010492.3801396, 1555010563.0006936, 1555010584.5213394, 1555010602.1804163, 1555010621.0612636, 1555010652.323777, 1555010671.9795082, 1555010693.677305, 1555010718.4885142, 1555010745.627286, 1555010765.862299, 1555010781.8447564, 1555010798.5079677, 1555010824.1925845, 1555010844.353284, 1555010874.3713243, 1555010936.736851, 1555010966.3282866, 1555010981.0427969, 1555010998.1414113, 1555011012.0327547, 1555011031.818277, 1555011049.083751, 1555011063.4899387, 1555011078.196856, 1555011093.5548613, 1555011131.2661943, 1555011148.8221202, 1555011168.5863597, 1555011184.465324, 1555011215.6033707, 1555011237.5543346, 1555011270.3530443, 1555011277.9810534, 1555011291.6530194, 1555011308.4160097, 1555011323.564528, 1555011339.4090273, 1555011357.0902324, 1555011379.735908, 1555011393.7668293, 1555011407.1191003, 1555011426.5869823, 1555011458.5099232, 1555011486.5379162, 1555011504.363804, 1555011537.2537115, 1555011551.9198208, 1555011570.1746693, 1555011584.9689746, 1555011598.822478, 1555011700.6787887, 1555011717.6313097, 1555011737.3907385, 1555011753.9166844, 1555011767.179873, 1555011783.259082, 1555011807.622102, 1555011821.7209358, 1555011851.8692594, 1555011878.2314467, 1555011897.0357795, 1555011907.893699, 1555011938.46755, 1555011955.6018724, 1555011991.7765007, 1555012008.6500664, 1555012047.543107, 1555012076.2540476, 1555012092.1318882, 1555012108.749758, 1555012122.348832, 1555012143.458324, 1555012157.7494678, 1555012172.853141, 1555012191.7557428, 1555012215.0321908, 1555012232.2983608, 1555012253.5430574, 1555012273.5170493, 1555012289.5918972, 1555012307.968957, 1555012327.2324944, 1555012337.5037296, 1555012351.2847924, 1555012368.1794498, 1555012380.8426392, 1555012396.039983, 1555012410.2686408, 1555012425.4613845, 1555012441.5425074, 1555012455.667278, 1555012475.9592752, 1555012498.841579, 1555012534.8196561, 1555012552.7007928, 1555012568.670818, 1555012588.1769817, 1555012619.1577, 1555012629.526975, 1555012644.037215, 1555012681.9057858], "episode_lengths": [1000, 1000, 1000, 1000, 116, 765, 1000, 125, 1000, 1000, 1000, 567, 1000, 1000, 1000, 1000, 881, 302, 1000, 797, 1000, 110, 1000, 262, 1000, 1000, 1000, 967, 455, 542, 168, 1000, 1000, 1000, 1000, 1000, 934, 1000, 1000, 1000, 1000, 457, 1000, 536, 494, 570, 228, 756, 686, 475, 534, 933, 1000, 394, 1000, 484, 972, 310, 866, 502, 1000, 300, 823, 1000, 473, 686, 665, 325, 558, 520, 931, 1000, 1000, 860, 612, 1000, 715, 803, 1000, 371, 763, 1000, 1000, 377, 1000, 1000, 519, 607, 793, 393, 283, 1000, 1000, 455, 416, 380, 1000, 1000, 216, 1000, 419, 675, 1000, 891, 369, 441, 1000, 764, 413, 318, 1000, 466, 849, 644, 337, 475, 789, 959, 895, 365, 348, 398, 293, 528, 497, 300, 306, 820, 874, 303, 505, 372, 939, 509, 418, 453, 461, 512, 701, 604, 288, 975, 348, 572, 363, 1000, 302, 525, 292, 548, 595, 537, 375, 306, 405, 395, 323, 391, 369, 285, 1000, 441, 600, 710, 781, 308, 1000, 479, 753, 702, 345, 333, 443, 350, 323, 310, 265, 329, 310, 221, 766, 491, 284, 338, 315, 418, 303, 995, 489, 542, 257, 277, 376, 388, 250, 361, 414, 318, 290, 478, 513, 229, 287, 308, 503, 320, 356, 403, 316, 328, 261, 273, 416, 326, 325, 1000, 337, 241, 278, 227, 322, 283, 237, 240, 251, 419, 286, 226, 256, 507, 358, 529, 126, 225, 272, 248, 261, 289, 370, 231, 219, 316, 515, 300, 292, 529, 242, 298, 242, 227, 744, 170, 318, 271, 219, 264, 397, 231, 330, 425, 306, 177, 326, 265, 374, 275, 428, 449, 260, 271, 224, 343, 236, 249, 308, 254, 282, 233, 308, 262, 298, 314, 169, 227, 276, 207, 249, 233, 247, 261, 230, 331, 376, 368, 289, 260, 318, 501, 170, 237, 274],