{"initial_reset_timestamp": 1554219754.0218186, "timestamps": [1554219790.9211886], "episode_lengths": [718], "episode_rewards": [163.6898903121326], "episode_types": ["t"]}