{"initial_reset_timestamp": 1554388641.0771136, "timestamps": [1554388647.6914332], "episode_lengths": [88], "episode_rewards": [-87.0], "episode_types": ["t"]}